"url","name","contact_number","address","about"
"http://topnotchroofing.com.au","n/a","n/a","n/a","n/a"
"https://www.cryoprep.com/","n/a","n/a","n/a","n/a"
"https://www.vitachiropractic.com.au/","Here's the extracted information:","","* **Name:** Vita Chiropractic & Massage","* **Contact Number:** 0408 828 838"
"https://will-build-builder-carpenter.business.site/","n/a","n/a","n/a","n/a"
"https://e1poolcertifier.com/","Here is the extracted information:","","* **Name:** E1 Pool Certifier","* **Contact Number:** 0414 446 780"
"https://charmaineiversen.com.au/","Here is the extracted information:","","* **Name:** Charmaine Iversen","* **Contact Number:** 0407 779 303"
"http://superiorfencing.com.au","n/a","n/a","n/a","n/a"
"https://wordofmouthglobal.com/","Lana McCarthy","n/a","n/a","Lana McCarthy has empowered thousands of adults over the past 28 years, transforming their lives through effective and powerful communication."
"https://www.industrialsteel.com.au/","Here is the extracted information:","","* **Name:** Industrial Steel Fabricators (ISF) Pty Ltd","* **Contact Number:** 0410 748 197"
"http://celebrantmissionbeach.com.au","Here's the extracted information:","","* **Name:** Maria Lago","* **Contact Number:** 0447 682146"
"https://figjam-painting-residential-commercial-painter-coffs.business.site/?m=true","n/a","n/a","n/a","n/a"
"https://www.kibbeycooper.com.au/","Here is the extracted information:","","* **Name:** Kibbey & Cooper Pty Ltd","* **Contact Number:** 03 6267 1052"
"http://artandyou.com.au/","Here is the information extracted from the content:","","* **Name:** Debra Cowen","* **Contact Number:** n/a "
"https://www.ghcbuilding.com/","Here is the extracted information:","","* **Name:** GHC Building Solutions","* **Contact Number:** 0433 335 030"
"http://sced.com.au/","Here's the extracted information:","","* **Name:** Southern Cross Electrical Data","* **Contact Number:** 0412 932 271"
"https://thesoulalchemist.com.au/","n/a","n/a","n/a","n/a"
"http://www.wisehealth.com.au/","Here is the extracted information:","","* **name:** Wise Health and Wellness","* **contact number:** 0404 468 305"
"https://www.lanneconveyancing.com.au/","Here is the extracted information:","","* **Name:** Lanne Conveyancing Services","* **Contact Number:** 03 9899 4442"
"https://www.awesomepawsome.com.au/","n/a","n/a","n/a","n/a"
"https://quickfreeze.au/","Here's the extracted information:","","* **Name:** Quick Freeze","* **Contact Number:** 0419 699 781"
"http://samanthamellingmassagetherapies.com.au","n/a","n/a","n/a","n/a"
"https://www.icepower.com.au/","Here is the extracted information:","","* **Name:** Icepower Pty Ltd.","* **Contact Number:** 1300 884 841"
"http://perthcremationswa.com.au","n/a","n/a","n/a","n/a"
"https://soundequipmentmelbourne.com.au/","n/a","n/a","n/a","n/a"
"https://www.lasvisionplus.com.au/","Here's the extracted information:","","* **Name:** LAS Vision Plus","* **Contact Number:** 0438 651 368"
"http://www.kanvaskraft.com.au","Here is the extracted information:","","* **Name:** Kanvas Kraft WA","* **Contact Number:** (08) 6490 6636"
"https://www.grothconstruct.com/","Here is the extracted information:","","* **name:** Groth Construct","* **contact number:** 0457 271 119"
"https://aussiediscreetstore.com/","n/a","n/a","n/a","n/a"
"http://www.centralcoastshuttersblindsandawnings.com.au/","n/a","n/a","n/a","n/a"
"http://www.autoelectrician2u.com.au/","n/a","n/a","n/a","n/a"
"http://kerwinhomes.com.au","n/a","n/a","n/a","n/a"
"http://www.garmischfabrications.com.au/","n/a","n/a","n/a","n/a"
"https://www.beachstherapy.com.au","n/a","n/a","n/a","n/a"
"https://maitriclinic.com/","n/a","n/a","n/a","n/a"
"https://yourceremony.net.au","n/a","n/a","n/a","n/a"
"https://munnoparaconcrete.com.au/","n/a","n/a","n/a","n/a"
"https://www.julieritch.com.au/","n/a","n/a","n/a","n/a"
"https://www.celebranttasmania.com/","n/a","n/a","n/a","n/a"
"https://janela35.wixsite.com/lisaweddingservices","n/a","n/a","n/a","n/a"
"http://paradisemarriages.com","n/a","n/a","n/a","n/a"
"http://creativeblockspsychology.com.au/","n/a","n/a","n/a","n/a"
"https://mary-ann-holt-celebrant-wedding-ceremonies.business.site/","n/a","n/a","n/a","n/a"
"http://www.metunghotsprings.com/metung-country-club","n/a","n/a","n/a","n/a"
"http://www.queenscliffgolfclub.com.au/","Here's the extracted information:","","* **Name:** Queenscliff Golf Club","* **Contact Number:** (03) 5258 4344"
"https://www.facebook.com/www.golfclubtumba.com.au/","n/a","n/a","n/a","n/a"
"http://www.beaconhillsgolf.com.au/","n/a","n/a","n/a","n/a"
"http://www.cottesloegc.com/welcome/index.mhtml","n/a","n/a","n/a","n/a"
"http://www.neangarparkgc.com/","n/a","n/a","n/a","n/a"
"http://asquithgolfclub.com.au/","n/a","n/a","n/a","n/a"
"http://www.highercombegolf.com.au/","n/a","n/a","n/a","n/a"
"http://www.bayviewgolfclub.com.au/","n/a","n/a","n/a","n/a"
"http://inverleighgolfclub.asn.au/","n/a","n/a","n/a","n/a"
"http://www.barnwellparkgolfclub.com.au/","n/a","n/a","n/a","n/a"
"http://www.nswgolfclub.com.au/","n/a","n/a","n/a","n/a"
"http://www.rowesbaygolfclub.com.au/?utm_source=google&utm_medium=organic&utm_campaign=gmb","n/a","n/a","n/a","n/a"
"https://eastwoodgolf.com.au/","n/a","n/a","n/a","n/a"
"http://www.cooberpedygolfclub.com.au/","n/a","n/a","n/a","n/a"
"http://www.sheppartongolf.net.au/","n/a","n/a","n/a","n/a"
"http://www.moegolfclub.com.au/","n/a","n/a","n/a","n/a"
"https://www.golf.org.au/?utm_source=gmb&utm_medium=organic&utm_campaign=gmb","n/a","n/a","n/a","n/a"
"https://www.humptydoogolfclub.com.au/","n/a","n/a","n/a","n/a"
"http://www.terreyhillsgolf.com.au/","n/a","n/a","n/a","n/a"
"http://www.armidalegolf.com.au/","n/a","n/a","n/a","n/a"
"http://www.devilbendgolf.com.au/","n/a","n/a","n/a","n/a"
"http://portmacquariegolf.com.au/","n/a","n/a","n/a","n/a"
"http://www.leuragolfclub.com.au/","n/a","n/a","n/a","n/a"
"https://jamberoogolf.com.au/","n/a","n/a","n/a","n/a"
"http://www.richriver.com.au/","n/a","n/a","n/a","n/a"
"http://www.facebook.com/moranbahgolfclub","n/a","n/a","n/a","n/a"
"http://www.royalfremantlegc.com.au/","n/a","n/a","n/a","n/a"
"http://www.cheltenhamgolf.com.au/","n/a","n/a","n/a","n/a"
"http://www.boxhillgolfclub.com.au/?utm_source=GMB&utm_medium=GMB&utm_campaign=GMB","n/a","n/a","n/a","n/a"
"https://forstertuncurrygolf.com.au/","n/a","n/a","n/a","n/a"
"http://www.sandygallop.com.au/","n/a","n/a","n/a","n/a"
"http://penfieldgolfclub.com.au/","n/a","n/a","n/a","n/a"
"http://www.howlonggolf.com.au/","n/a","n/a","n/a","n/a"
"http://www.windaroolakes.com.au/","n/a","n/a","n/a","n/a"
"http://www.nudgeegolf.com.au/","n/a","n/a","n/a","n/a"
"http://redcliffegolf.com/","n/a","n/a","n/a","n/a"
"http://www.camdengolfclub.com.au/","n/a","n/a","n/a","n/a"
"http://www.hamiltonisland.com.au/bars-and-clubs/clubhouse-restaurant","n/a","n/a","n/a","n/a"
"http://theridgegolf.com.au/","n/a","n/a","n/a","n/a"
"https://meadowpark.com.au/","n/a","n/a","n/a","n/a"
"http://www.port.golf/","n/a","n/a","n/a","n/a"
"http://www.ouyengolfclub.com.au/","n/a","n/a","n/a","n/a"
"https://www.wgc.net.au/cms/","n/a","n/a","n/a","n/a"
"http://www.murwillumbahgolfclub.com.au/","n/a","n/a","n/a","n/a"
"http://aehgroup.com.au/shop","n/a","n/a","n/a","n/a"
"http://www.cranbournegolf.com.au/","n/a","n/a","n/a","n/a"
"http://www.portkemblagolfclub.com.au/","n/a","n/a","n/a","n/a"
"http://www.lonsdalelinks.com.au/","n/a","n/a","n/a","n/a"
"http://www.inverlochpar3.com.au/","n/a","n/a","n/a","n/a"
"https://swanreachgolfclub.com.au/","n/a","n/a","n/a","n/a"
"http://hamiltongolfclub.com.au/","n/a","n/a","n/a","n/a"
"http://www.camdenlakeside.com.au/","n/a","n/a","n/a","n/a"
"http://www.brightonlakesrgc.com.au/","n/a","n/a","n/a","n/a"
"http://www.sandhurst.com/","n/a","n/a","n/a","n/a"
"https://mtderrimut.com.au/","n/a","n/a","n/a","n/a"
